{"version":"0.1.0","name":"tiny_adventure_two","instructions":[{"name":"initializeLevelOne","accounts":[{"name":"newGameDataAccount","isMut":true,"isSigner":false},{"name":"chestVault","isMut":true,"isSigner":false},{"name":"signer","isMut":true,"isSigner":true},{"name":"systemProgram","isMut":false,"isSigner":false}],"args":[]},{"name":"resetLevelAndSpawnChest","accounts":[{"name":"payer","isMut":true,"isSigner":true},{"name":"chestVault","isMut":true,"isSigner":false},{"name":"gameDataAccount","isMut":true,"isSigner":false},{"name":"systemProgram","isMut":false,"isSigner":false}],"args":[]},{"name":"moveRight","accounts":[{"name":"chestVault","isMut":true,"isSigner":false},{"name":"gameDataAccount","isMut":true,"isSigner":false},{"name":"player","isMut":true,"isSigner":true},{"name":"systemProgram","isMut":false,"isSigner":false}],"args":[{"name":"password","type":"string"}]}],"accounts":[{"name":"GameDataAccount","type":{"kind":"struct","fields":[{"name":"playerPosition","type":"u8"}]}},{"name":"ChestVaultAccount","type":{"kind":"struct","fields":[]}}],"errors":[{"code":6000,"name":"WrongPassword","msg":"Password was wrong"}]}
